t,Room_3 (00 : b0217),Corridor_1 (00 : 78dea),Room_4 (00 : 5c8ba),Corridor_2 (00 : c372b),Room_2 (00 : 248b6),Room_1 (00 : 42c6e),Outside,Дверь (00 : 98990) b0217<->78dea,Дверь (00 : 17328) 5c8ba<->c372b,Дверь (00 : 0dfdb) 248b6<->c372b,Дверь (00 : ac20a) 42c6e<->78dea,Проем (00 : e68fe) 78dea<->c372b,Выход (00 : ced4e) 78dea<->,Выход (00 : a75fe) c372b<->,
0,10.818948745727539,2.9884984493255615,3.189565896987915,2.886075973510742,6.400187015533447,7.097019672393799,0,0,0,0,0,0,0,0,
