t,Room_1 (00 : 2f46d),Room_2 (00 : 47ea3),Room_3 (00 : 70250),Лестничная площадка (00 : fe0d9),Room_4 (01 : 7709a),Room_5 (01 : 79c92),Room_6 (01 : cde76),Лестничная площадка (01 : 8a760),Outside,Выход (00 : f8032) 2f46d<->,Проем (00 : df697) 2f46d<->47ea3,Дверь (00 : ff637) 47ea3<->70250,Дверь (00 : b32c0) 70250<->fe0d9,Межэтажный проем (00 : 1d0d5) fe0d9<->8a760,Проем (01 : 1c49e) 7709a<->79c92,Дверь (01 : 30345) 79c92<->cde76,Дверь (01 : 2bca9) cde76<->8a760,
0,71.24836730957031,6.364747047424316,3.3050787448883057,3.3869173526763916,7.1248369216918945,6.364747047424316,3.3050787448883057,3.3869173526763916,0,0,0,0,0,0,0,0,0,
